id,title,slug,excerpt,content,category,tags,author,featured_image,publication_date,reading_time,industry_focus,seo_title,seo_description
blog-001,"How to Reduce Hotel OTA Commissions by 40% in 6 Months","reduce-hotel-ota-commissions","Discover proven strategies to decrease your dependency on Online Travel Agencies and boost direct bookings","# How to Reduce Hotel OTA Commissions by 40% in 6 Months

Online Travel Agencies (OTAs) like Booking.com and Expedia can account for up to 60% of a hotel's bookings, but their commission fees of 15-25% significantly impact profitability. Here's how to reduce OTA dependency while increasing direct bookings.

## The Hidden Cost of OTA Dependency

While OTAs provide valuable exposure, their commission structure can severely impact your bottom line:
- **Commission fees**: 15-25% per booking
- **Rate parity requirements**: Limited pricing flexibility
- **Customer data**: Limited access to guest information
- **Brand dilution**: Guests book through OTA, not your brand

## Strategy 1: Google Hotel Ads Optimization

Google Hotel Ads allows you to compete directly with OTAs in search results while maintaining control over pricing and guest relationships.

### Implementation Steps:
1. **Set up Google Hotel Center account**
2. **Implement property feed with real-time rates**
3. **Optimize bidding strategy for high-value bookings**
4. **Create compelling property descriptions**

### Expected Results: 25-40% increase in direct bookings within 3 months

## Strategy 2: Direct Booking Incentives

Create compelling reasons for guests to book directly with your property.

### Effective Incentives:
- **Best Rate Guarantee**: Match or beat any OTA price
- **Exclusive Perks**: Free WiFi, late checkout, room upgrades
- **Loyalty Points**: Reward repeat direct bookers
- **Flexible Cancellation**: Better terms than OTAs

### Implementation Timeline: 2-4 weeks

## Strategy 3: Email Marketing Automation

Nurture past guests and website visitors to encourage direct bookings for future stays.

### Campaign Types:
- **Welcome Series**: For new subscribers
- **Post-Stay Follow-up**: Thank you + future booking incentive
- **Seasonal Promotions**: Holiday and local event packages
- **Retargeting**: For website visitors who didn't book

### Expected ROI: 400-600% return on email marketing investment

## Strategy 4: Website Conversion Optimization

Your website is your most valuable direct booking tool. Optimize every element to convert visitors into bookers.

### Key Optimization Areas:
- **Mobile responsiveness**: 70% of bookings happen on mobile
- **Page load speed**: 3-second target for optimal conversions
- **Booking engine UX**: Streamlined, intuitive booking process
- **Trust signals**: Reviews, certifications, security badges

### Conversion Rate Improvement: 15-30% within 2 months

## Measuring Success

Track these key metrics to measure your OTA reduction progress:

### Primary KPIs:
- **Direct booking percentage**: Target 50-60%
- **OTA commission costs**: Monthly reduction tracking
- **Average daily rate (ADR)**: Direct vs. OTA bookings
- **Customer lifetime value**: Direct bookers vs. OTA guests

## Case Study: Oceanview Resort Miami

**Challenge**: 75% OTA dependency, high commission costs
**Solution**: Implemented comprehensive direct booking strategy
**Results**: 
- 40% increase in direct bookings
- 25% reduction in OTA commissions
- $2.1M additional annual revenue
- Improved guest satisfaction scores

## Getting Started Today

Begin with these immediate actions:
1. **Audit current OTA dependency** - Calculate exact commission costs
2. **Implement Google Hotel Ads** - Start competing with OTAs in search
3. **Create direct booking incentives** - Give guests reasons to book direct
4. **Optimize website conversion** - Remove friction from booking process

Ready to reduce your OTA dependency and increase profitability? Contact our hotel marketing specialists for a free audit of your current strategy.","Hotel Marketing","hotel marketing, OTA commissions, direct bookings, Google Hotel Ads, hospitality marketing","Laurie Meiring","/images/blog/hotel-ota-commissions.jpg","2024-01-15","8 min read","hospitality","Reduce Hotel OTA Commissions by 40% - Proven Direct Booking Strategies","Learn proven strategies to reduce OTA commissions by 40% in 6 months. Increase direct bookings with Google Hotel Ads, website optimization, and email marketing."
blog-002,"Restaurant Social Media Marketing: From Empty Tables to Full Reservations","restaurant-social-media-marketing","Transform your restaurant's social media presence into a reservation-driving machine with these proven strategies","# Restaurant Social Media Marketing: From Empty Tables to Full Reservations

Social media has revolutionized how restaurants attract customers. With the right strategy, you can transform your social media presence from a simple photo-sharing platform into a powerful reservation-driving machine.

## The Power of Visual Storytelling in Food Marketing

Food is inherently visual, making social media the perfect platform for restaurants. Studies show that 69% of millennials take photos of their food before eating, and 35% share dining experiences on social media.

### Platform-Specific Strategies:

**Instagram**:
- **High-quality food photography**: Professional lighting, styling, composition
- **Behind-the-scenes content**: Kitchen action, chef preparations
- **User-generated content**: Repost customer photos and reviews
- **Stories and Reels**: Quick, engaging content for daily engagement

**Facebook**:
- **Event promotion**: Special dinners, wine tastings, live music
- **Customer reviews and responses**: Build trust and community
- **Local community engagement**: Partner with local businesses and events
- **Facebook Ads**: Targeted local advertising for events and promotions

## Content Calendar Strategy

Consistency is key to social media success. Plan your content around:

### Weekly Content Themes:
- **Monday**: Menu Monday (highlight signature dishes)
- **Tuesday**: Behind-the-scenes (kitchen prep, staff stories)
- **Wednesday**: Customer spotlight (reviews, photos)
- **Thursday**: Special events and promotions
- **Friday**: Weekend excitement (special menus, live entertainment)
- **Saturday**: User-generated content
- **Sunday**: Community involvement and local partnerships

## Food Photography That Converts

Great food photography directly impacts customer desire and booking decisions.

### Essential Photography Tips:
- **Natural lighting**: Shoot near windows during golden hour
- **Composition**: Use rule of thirds, leading lines
- **Styling**: Fresh garnishes, clean plates, strategic mess
- **Consistency**: Develop a signature style and color palette

### Equipment Recommendations:
- **Smartphone**: iPhone or Google Pixel for high-quality mobile shots
- **Lighting**: Portable LED panel for consistent lighting
- **Props**: Neutral plates, linens, utensils that complement food
- **Editing**: Lightroom Mobile or VSCO for consistent post-processing

## User-Generated Content Strategy

Encourage customers to create content for your restaurant:

### Incentive Programs:
- **Photo contests**: Monthly prizes for best food photos
- **Hashtag campaigns**: Create branded hashtags for tracking
- **Review incentives**: Discounts for honest online reviews
- **Social check-ins**: Special offers for Facebook/Instagram check-ins

## Influencer Partnerships

Collaborate with local food bloggers and micro-influencers:

### Partnership Types:
- **Complimentary meals**: Exchange food for authentic reviews
- **Event hosting**: Invite influencers to special tastings
- **Recipe collaborations**: Create exclusive dishes with local chefs
- **Cross-promotion**: Partner with complementary local businesses

## Social Media Advertising

Organic reach is limited; paid advertising amplifies your message:

### Facebook/Instagram Ads Strategy:
- **Local targeting**: 5-mile radius around restaurant
- **Interest targeting**: Food lovers, dining out, local events
- **Behavioral targeting**: Recent restaurant visitors
- **Lookalike audiences**: Based on current customer data

### Ad Types That Work:
- **Video ads**: Kitchen action, dish preparation
- **Carousel ads**: Multiple menu items or restaurant spaces
- **Event promotion**: Special dinners, wine tastings
- **Seasonal campaigns**: Holiday menus, summer patios

## Measuring Social Media ROI

Track metrics that matter for restaurant success:

### Key Performance Indicators:
- **Reservation attribution**: Track bookings from social media
- **Engagement rate**: Likes, comments, shares per post
- **Reach and impressions**: Content visibility metrics
- **Website traffic**: Social media referrals to your website
- **Hashtag performance**: Branded hashtag usage and reach

## Case Study: Bella Vista Italian Bistro

**Challenge**: Low social media engagement, empty tables during off-peak hours
**Strategy**: Implemented comprehensive social media marketing campaign
**Tactics**:
- Professional food photography
- Behind-the-scenes chef content
- Local influencer partnerships
- Targeted Facebook advertising

**Results**:
- 400% increase in Instagram followers
- 65% increase in weeknight reservations
- 80% growth in online orders
- Featured in local food blogs and publications

## Social Media Crisis Management

Prepare for negative reviews and criticism:

### Response Strategy:
- **Respond quickly**: Within 2-4 hours when possible
- **Stay professional**: Never defensive or argumentative
- **Take it offline**: Invite detailed discussion via phone/email
- **Learn and improve**: Use feedback for operational improvements

## Getting Started: Your 30-Day Action Plan

### Week 1: Foundation
- Set up/optimize social media profiles
- Create content calendar template
- Identify local influencers and food bloggers

### Week 2: Content Creation
- Take professional photos of signature dishes
- Create behind-the-scenes content
- Launch customer photo contest

### Week 3: Engagement
- Begin consistent daily posting
- Respond to all comments and messages
- Reach out to potential influencer partners

### Week 4: Amplification
- Launch first paid advertising campaign
- Analyze performance metrics
- Adjust strategy based on results

Transform your restaurant's social media presence from a passive showcase into an active reservation-driving machine. Start with consistent, high-quality content and gradually build your community of food lovers who can't wait to dine with you.

Ready to fill those empty tables? Contact our restaurant marketing specialists for a free social media audit and strategy session.","Restaurant Marketing","restaurant marketing, social media marketing, food photography, Instagram marketing, Facebook advertising","Laurie Meiring","/images/blog/restaurant-social-media.jpg","2024-01-22","10 min read","foodservice","Restaurant Social Media Marketing: Fill Tables with Smart Strategy","Master restaurant social media marketing with proven strategies for Instagram, Facebook, and user-generated content that drive reservations and increase customers."
blog-003,"HIPAA-Compliant Marketing: Growing Your Dental Practice Safely","hipaa-compliant-dental-marketing","Navigate healthcare marketing regulations while effectively growing your dental practice with these compliant strategies","# HIPAA-Compliant Marketing: Growing Your Dental Practice Safely

Healthcare marketing, particularly for dental practices, requires careful navigation of HIPAA regulations while effectively attracting new patients. This comprehensive guide shows you how to grow your practice without compromising patient privacy or regulatory compliance.

## Understanding HIPAA in Marketing Context

The Health Insurance Portability and Accountability Act (HIPAA) protects patient health information, but it doesn't prohibit all healthcare marketing. Understanding what's allowed versus prohibited is crucial for effective, compliant marketing.

### What HIPAA Covers:
- **Protected Health Information (PHI)**: Any individually identifiable health information
- **Patient communications**: How and when you can contact patients
- **Marketing definitions**: HIPAA's specific definition of ""marketing""
- **Authorization requirements**: When patient consent is needed

### HIPAA-Compliant Marketing Activities:
- **General practice information**: Services, location, hours, staff credentials
- **Educational content**: Oral health tips, procedure explanations
- **Treatment communications**: Appointment reminders, treatment options
- **Community outreach**: Health fairs, educational seminars

## Patient Testimonials and Reviews

Patient testimonials are powerful marketing tools, but they require careful handling under HIPAA.

### Compliant Testimonial Strategies:
- **Written authorization**: Get specific consent for any testimonial use
- **No PHI disclosure**: Focus on experience, not specific treatments
- **Platform management**: Monitor and respond to online reviews appropriately
- **Internal processes**: Train staff on proper testimonial collection

### Review Management Best Practices:
- **Encourage reviews**: Ask satisfied patients to share experiences
- **Respond professionally**: Thank reviewers without disclosing PHI
- **Address concerns**: Handle negative reviews with empathy and professionalism
- **Never disclose**: Don't confirm or deny someone is a patient

## Digital Marketing Compliance

Online marketing requires additional consideration of HIPAA rules and digital privacy.

### Website Compliance:
- **Privacy policies**: Clear explanation of information collection and use
- **Contact forms**: Limit PHI collection to necessary information
- **Analytics tracking**: Ensure third-party tools don't access PHI
- **Secure hosting**: Use encrypted, HIPAA-compliant hosting services

### Social Media Guidelines:
- **Educational focus**: Share oral health tips and practice information
- **No patient photos**: Unless you have specific written authorization
- **Professional boundaries**: Maintain appropriate patient-provider relationships
- **Crisis management**: Prepare for negative comments or privacy concerns

## Email Marketing for Dental Practices

Email remains an effective marketing channel when used compliantly.

### Compliant Email Strategies:
- **Opt-in requirements**: Clear consent for marketing communications
- **Content guidelines**: Educational and promotional content balance
- **Unsubscribe options**: Easy opt-out mechanisms
- **Segmentation**: Separate marketing from treatment communications

### Email Campaign Types:
- **Oral health education**: Seasonal tips, preventive care reminders
- **Practice updates**: New services, staff introductions, office news
- **Appointment reminders**: Separate from marketing communications
- **Special offers**: Compliant promotional content for services

## Local SEO for Healthcare

Local search optimization helps patients find your practice while maintaining compliance.

### Local SEO Tactics:
- **Google My Business**: Optimize with accurate practice information
- **Local directories**: Ensure consistent NAP (Name, Address, Phone) data
- **Content marketing**: Create location-specific oral health content
- **Citation building**: Build authoritative local business citations

### Content Strategy:
- **Educational blog posts**: Oral health topics relevant to your community
- **FAQ pages**: Address common patient questions and concerns
- **Service pages**: Detailed information about treatments offered
- **About pages**: Staff credentials and practice philosophy

## Paid Advertising Compliance

PPC and social media advertising require careful attention to HIPAA compliance and healthcare advertising regulations.

### Google Ads Best Practices:
- **Healthcare compliance**: Follow Google's healthcare advertising policies
- **Landing page relevance**: Ensure ads match landing page content
- **Local targeting**: Focus on your practice's service area
- **Competitive analysis**: Monitor competitors while staying compliant

### Facebook Advertising Considerations:
- **Audience targeting**: Use demographic and interest-based targeting
- **Ad content**: Focus on services and practice benefits
- **Landing pages**: Ensure HIPAA-compliant contact forms
- **Pixel compliance**: Implement Facebook Pixel without PHI tracking

## Building Patient Trust Through Marketing

Trust is paramount in healthcare marketing. Build credibility while maintaining compliance.

### Trust-Building Strategies:
- **Professional credentials**: Highlight education, certifications, memberships
- **Technology showcase**: Modern equipment and advanced techniques
- **Community involvement**: Local partnerships and charitable activities
- **Patient education**: Demonstrate expertise through valuable content

## Compliance Training for Staff

Ensure your entire team understands HIPAA marketing requirements.

### Training Components:
- **HIPAA basics**: Understanding PHI and marketing restrictions
- **Social media policies**: Guidelines for staff personal and professional use
- **Patient interactions**: Appropriate responses to marketing inquiries
- **Documentation**: Proper record-keeping for marketing authorizations

## Case Study: Smile Dental Group

**Challenge**: Slow patient acquisition in competitive market
**Solution**: Implemented comprehensive HIPAA-compliant marketing strategy
**Tactics**:
- Educational content marketing
- Local SEO optimization
- Compliant patient testimonial program
- Google Ads with healthcare compliance

**Results**:
- 150+ new patients per month
- 95% patient retention rate
- 4.9-star average online rating
- $2.8M additional annual revenue
- Zero HIPAA compliance issues

## Common HIPAA Marketing Mistakes

Avoid these frequent compliance errors:

### Mistake Prevention:
- **Social media oversharing**: Don't post patient photos without authorization
- **Review responses**: Never confirm someone is a patient
- **Email marketing**: Don't include PHI in promotional emails
- **Website forms**: Limit collection to necessary contact information

## Creating Your Compliant Marketing Plan

### 30-Day Implementation Strategy:

**Week 1: Foundation**
- Audit current marketing for HIPAA compliance
- Update website privacy policies
- Train staff on compliance requirements

**Week 2: Content Creation**
- Develop educational blog content calendar
- Create patient testimonial collection process
- Optimize Google My Business listing

**Week 3: Digital Optimization**
- Implement local SEO improvements
- Launch compliant email marketing campaigns
- Begin social media educational content

**Week 4: Paid Advertising**
- Start Google Ads campaigns
- Monitor compliance and performance
- Adjust strategies based on results

## Ongoing Compliance Monitoring

Maintain compliance with regular audits and updates:

### Monthly Tasks:
- Review marketing materials for compliance
- Monitor online reviews and responses
- Update staff training as needed
- Assess marketing performance and compliance

Growing your dental practice doesn't require compromising patient privacy or HIPAA compliance. With the right strategies and careful attention to regulations, you can effectively market your practice while maintaining the highest standards of patient protection.

Ready to grow your practice the compliant way? Contact our healthcare marketing specialists for a free HIPAA-compliant marketing audit.","Healthcare Marketing","dental marketing, HIPAA compliance, healthcare marketing, patient acquisition, medical practice marketing","Laurie Meiring","/images/blog/hipaa-dental-marketing.jpg","2024-02-05","12 min read","healthcare","HIPAA-Compliant Dental Marketing: Grow Your Practice Safely","Master HIPAA-compliant dental marketing strategies that attract new patients while protecting privacy. Expert guide to healthcare marketing regulations and growth tactics."
blog-004,"Sports Facility Marketing: Building Thriving Athletic Communities","sports-facility-marketing","Discover proven strategies to increase membership, boost tournament participation, and create an engaged athletic community","# Sports Facility Marketing: Building Thriving Athletic Communities

Sports facilities face unique marketing challenges: seasonal fluctuations, diverse member demographics, and the need to balance competitive athletics with recreational programming. This guide provides comprehensive strategies to build thriving athletic communities that drive sustainable growth.

## Understanding Your Athletic Community

Successful sports facility marketing begins with understanding your diverse member base and their varying motivations for participation.

### Member Segments:
- **Competitive athletes**: Tournament players seeking high-level competition
- **Recreational players**: Casual participants focused on fun and fitness
- **Families**: Parents introducing children to sports
- **Fitness enthusiasts**: Members using facilities for general wellness
- **Social players**: Community-focused participants building friendships

### Motivations and Pain Points:
- **Competition**: Access to tournaments and skilled opponents
- **Convenience**: Flexible scheduling and easy booking systems
- **Community**: Social connections and lasting friendships
- **Instruction**: Quality coaching and skill development
- **Facilities**: Well-maintained courts, equipment, and amenities

## Tournament and Event Marketing

Tournaments drive membership, generate revenue, and build community engagement.

### Tournament Marketing Strategy:
- **Early bird pricing**: Incentivize early registration
- **Multiple skill levels**: Ensure inclusive participation opportunities
- **Social media countdown**: Build excitement leading to events
- **Livestreaming**: Engage remote audiences and families
- **Photo/video content**: Document and share tournament highlights

### Event Types That Build Community:
- **Seasonal tournaments**: Regular competitive opportunities
- **Social mixers**: Networking events for new and existing members
- **Skills clinics**: Educational programming with local pros
- **Family events**: All-ages programming building family engagement
- **Charity tournaments**: Community service opportunities

## Membership Growth Strategies

Convert visitors into long-term members through strategic engagement and value demonstration.

### Lead Generation Tactics:
- **Free trial periods**: 3-7 day guest passes
- **Demo days**: Skills demonstrations and facility tours
- **Referral programs**: Member incentives for bringing friends
- **Corporate partnerships**: Business membership programs
- **School partnerships**: Youth program development

### Conversion Optimization:
- **Streamlined signup**: Remove friction from membership process
- **Flexible payment options**: Monthly, quarterly, annual plans
- **Family packages**: Multi-member household discounts
- **Progressive pricing**: Beginner-friendly introductory rates
- **Value demonstration**: Clear ROI on membership investment

## Digital Marketing for Sports Facilities

Leverage digital channels to reach and engage your athletic community.

### Website Optimization:
- **Online booking system**: 24/7 court reservation capability
- **Member portal**: Account management and communication hub
- **Mobile responsiveness**: Seamless mobile experience
- **Local SEO**: Optimize for ""sports facilities near me"" searches
- **Content marketing**: Regular blog posts about sports and fitness

### Social Media Strategy:
- **Action photography**: Dynamic shots of gameplay and training
- **Member spotlights**: Celebrate achievements and milestones
- **Behind-the-scenes**: Facility maintenance, staff training
- **Live coverage**: Real-time tournament updates and results
- **Educational content**: Tips, techniques, and sports knowledge

## Community Building Through Programming

Create programming that builds lasting connections and member loyalty.

### Program Development:
- **Beginner programs**: Welcoming environment for new players
- **Advanced training**: High-level instruction for serious athletes
- **Social leagues**: Friendly competition with emphasis on fun
- **Youth development**: Age-appropriate skills building programs
- **Adult education**: Continuing education for adult learners

### Community Engagement Initiatives:
- **Member advisory board**: Democratic input on facility decisions
- **Volunteer opportunities**: Member involvement in event planning
- **Mentorship programs**: Experienced players coaching newcomers
- **Social events**: Non-sport activities building relationships
- **Recognition programs**: Celebrate member achievements and contributions

## Seasonal Marketing Strategies

Sports facilities must navigate seasonal participation patterns and plan accordingly.

### Peak Season Maximization:
- **Waitlist management**: Capture demand during busy periods
- **Premium programming**: High-value offerings during peak times
- **Member appreciation**: Reward loyalty during high-demand periods
- **Facility optimization**: Maximize court utilization and scheduling

### Off-Season Engagement:
- **Indoor alternatives**: Weather-independent programming options
- **Skill development**: Focus on technique during slower periods
- **Maintenance communication**: Keep members informed about improvements
- **Special promotions**: Incentivize participation during slow periods
- **Cross-training programs**: Introduce complementary activities

## Corporate and Group Sales

Develop B2B relationships that provide stable revenue and member acquisition.

### Corporate Partnership Opportunities:
- **Team building events**: Corporate group activities and tournaments
- **Employee wellness programs**: Regular corporate membership programs
- **Meeting space rental**: Conference and event hosting
- **Catering partnerships**: Food service for corporate events
- **Sponsorship opportunities**: Local business marketing partnerships

## Technology Integration

Leverage technology to improve member experience and operational efficiency.

### Essential Technology:
- **Court booking systems**: Online reservation management
- **Member management software**: Comprehensive database and communication tools
- **Payment processing**: Automated billing and payment systems
- **Access control**: Keycard or mobile app facility access
- **Performance tracking**: Member progress and engagement analytics

## Retention and Loyalty Programs

Keep members engaged and reduce churn through strategic retention initiatives.

### Retention Strategies:
- **Loyalty rewards**: Points systems for court time and purchases
- **Member milestones**: Celebrate membership anniversaries
- **Exclusive access**: Member-only events and early registration
- **Feedback loops**: Regular surveys and suggestion implementation
- **Personal connection**: Staff relationship building with members

## Case Study: Central Coast Sports Complex

**Challenge**: Declining membership and low tournament participation
**Solution**: Comprehensive community-building marketing strategy
**Tactics**:
- Redesigned tournament schedule with multiple skill levels
- Implemented referral program with meaningful incentives
- Launched social media campaign highlighting member achievements
- Created beginner-friendly programming with mentorship component

**Results**:
- 200% increase in tournament participation
- 300+ new members in 12 months
- 85% facility utilization rate (up from 60%)
- $500,000 additional annual revenue
- 4.8-star average member satisfaction rating

## Measuring Marketing Success

Track metrics that matter for sports facility growth and community building.

### Key Performance Indicators:
- **Membership growth rate**: Monthly and annual acquisition
- **Member retention rate**: Annual renewal percentages
- **Event participation**: Tournament and program attendance
- **Facility utilization**: Court booking rates and peak time usage
- **Member satisfaction**: Regular survey scores and feedback
- **Revenue per member**: Total revenue divided by active membership

## Getting Started: Your 90-Day Action Plan

### Month 1: Foundation
- Audit current member experience and satisfaction
- Implement online booking system
- Launch member referral program
- Begin regular social media posting

### Month 2: Programming
- Develop beginner-friendly programming options
- Plan quarterly tournament schedule
- Create member mentorship program
- Launch corporate partnership outreach

### Month 3: Growth
- Implement retention loyalty program
- Expand digital marketing efforts
- Measure and analyze performance metrics
- Plan major facility improvements or additions

Building a thriving athletic community requires more than great facilitiesâ€”it demands thoughtful marketing that brings people together around shared passions for sports and competition.

Ready to transform your sports facility into a thriving community hub? Contact our sports marketing specialists for a free facility marketing audit and growth strategy session.","Sports Marketing","sports marketing, athletic facilities, tournament promotion, membership growth, sports community building","Laurie Meiring","/images/blog/sports-facility-marketing.jpg","2024-02-19","11 min read","athletics","Sports Facility Marketing: Build Thriving Athletic Communities","Proven sports facility marketing strategies to increase membership, boost tournament participation, and create engaged athletic communities that drive sustainable growth."
blog-005,"2024 Digital Marketing Trends Every Business Owner Should Know","2024-digital-marketing-trends","Stay ahead of the competition with these essential digital marketing trends shaping business success in 2024","# 2024 Digital Marketing Trends Every Business Owner Should Know

The digital marketing landscape continues to evolve rapidly, with new technologies, consumer behaviors, and platform features reshaping how businesses connect with their audiences. This comprehensive guide explores the most impactful trends for 2024 and how to leverage them for business growth.

## AI-Powered Marketing Automation

Artificial Intelligence is transforming marketing from a reactive to a predictive discipline, enabling businesses to anticipate customer needs and automate personalized experiences at scale.

### AI Applications in Marketing:
- **Predictive analytics**: Forecast customer behavior and lifetime value
- **Dynamic content**: Automatically personalize website and email content
- **Chatbots and virtual assistants**: Provide 24/7 customer support
- **Ad optimization**: Automatically adjust bids and targeting for better ROI
- **Content generation**: AI-assisted copywriting and creative development

### Implementation Strategy:
- **Start with data collection**: Ensure robust first-party data foundation
- **Choose focused applications**: Begin with one AI tool and scale gradually
- **Human oversight**: Maintain human review of AI-generated content
- **Performance measurement**: Track AI impact on key business metrics
- **Continuous learning**: Regularly update AI models with new data

## Privacy-First Marketing

With increased privacy regulations and the phasing out of third-party cookies, businesses must adapt to a privacy-first marketing environment.

### Privacy-First Strategies:
- **First-party data collection**: Build direct relationships with customers
- **Zero-party data**: Encourage customers to share preferences voluntarily
- **Contextual advertising**: Target based on content rather than behavior
- **Email list building**: Develop owned media channels
- **Consent management**: Implement transparent data collection practices

### Compliance Considerations:
- **GDPR compliance**: European data protection requirements
- **CCPA adherence**: California consumer privacy laws
- **Cookie policies**: Clear disclosure of tracking technologies
- **Data minimization**: Collect only necessary customer information
- **Opt-out mechanisms**: Easy unsubscribe and data deletion options

## Video-First Content Strategy

Video content continues to dominate engagement across all platforms, with short-form video leading the charge in 2024.

### Video Content Types:
- **Short-form videos**: TikTok, Instagram Reels, YouTube Shorts
- **Live streaming**: Real-time engagement and community building
- **Interactive videos**: Polls, quizzes, and clickable elements
- **Vertical video**: Mobile-optimized portrait orientation
- **User-generated video**: Customer testimonials and brand advocacy

### Platform-Specific Strategies:
- **TikTok**: Trending audio, challenges, behind-the-scenes content
- **Instagram**: Reels, Stories, IGTV for different content lengths
- **YouTube**: Long-form education, short-form entertainment
- **LinkedIn**: Professional insights, thought leadership content
- **Facebook**: Community-focused, social interaction content

## Voice Search Optimization

With voice assistants becoming ubiquitous, optimizing for voice search is crucial for maintaining search visibility.

### Voice Search SEO:
- **Conversational keywords**: Target natural language queries
- **Featured snippets**: Optimize for position zero in search results
- **Local optimization**: ""Near me"" searches and local business information
- **FAQ content**: Answer common questions in natural language
- **Schema markup**: Structured data for better search understanding

### Implementation Tactics:
- **Question-based content**: Create content answering specific questions
- **Long-tail keywords**: Target longer, more conversational search phrases
- **Page speed optimization**: Voice search prioritizes fast-loading pages
- **Mobile optimization**: Ensure excellent mobile user experience
- **Local business listings**: Maintain accurate business information across platforms

## Social Commerce Integration

Social media platforms are evolving into comprehensive shopping destinations, blending content and commerce seamlessly.

### Social Commerce Platforms:
- **Instagram Shopping**: Product tags, shopping ads, Instagram Shop
- **Facebook Marketplace**: Local and business-to-consumer selling
- **TikTok Shopping**: In-app product discovery and purchase
- **Pinterest Shopping**: Visual product discovery and buying
- **YouTube Shopping**: Product showcases during video content

### Strategy Development:
- **Visual product catalogs**: High-quality product photography and videos
- **Influencer partnerships**: Authentic product recommendations
- **User-generated content**: Customer photos and reviews
- **Live shopping events**: Real-time product demonstrations
- **Social proof integration**: Reviews, ratings, and testimonials

## Personalization at Scale

Customers expect increasingly personalized experiences across all touchpoints, requiring sophisticated segmentation and automation.

### Personalization Techniques:
- **Dynamic website content**: Customize based on visitor behavior
- **Email segmentation**: Targeted messaging based on preferences
- **Product recommendations**: AI-powered suggestion engines
- **Retargeting campaigns**: Personalized ads based on past interactions
- **Customer journey mapping**: Tailored experiences across touchpoints

### Technology Requirements:
- **Customer data platforms (CDP)**: Unified customer data management
- **Marketing automation**: Trigger-based communication workflows
- **A/B testing tools**: Optimize personalization effectiveness
- **Analytics platforms**: Measure personalization impact
- **CRM integration**: Align sales and marketing personalization efforts

## Sustainability and Purpose-Driven Marketing

Consumers increasingly choose brands that align with their values, making sustainability and social responsibility critical marketing considerations.

### Purpose-Driven Strategies:
- **Authentic storytelling**: Share genuine sustainability efforts
- **Transparency**: Honest communication about environmental impact
- **Community involvement**: Local partnership and charitable activities
- **Sustainable practices**: Environmentally conscious business operations
- **Social responsibility**: Ethical business practices and fair labor standards

## Emerging Platforms and Technologies

Stay ahead by experimenting with emerging platforms and technologies before they become mainstream.

### Platforms to Watch:
- **BeReal**: Authentic, unfiltered social sharing
- **Clubhouse**: Audio-based networking and content sharing
- **Discord**: Community building beyond gaming
- **Telegram**: Messaging and content distribution
- **LinkedIn Creator Mode**: Professional content creation tools

### Technologies to Explore:
- **Augmented Reality (AR)**: Virtual try-on experiences
- **Virtual Reality (VR)**: Immersive brand experiences
- **Blockchain marketing**: NFTs and cryptocurrency integration
- **Internet of Things (IoT)**: Connected device marketing opportunities
- **5G capabilities**: Enhanced mobile experiences and content delivery

## Measurement and Attribution

With privacy changes affecting tracking, businesses must evolve their measurement approaches to maintain marketing effectiveness.

### Modern Attribution Methods:
- **First-party data tracking**: Direct customer behavior measurement
- **Server-side tracking**: Cookieless data collection
- **Marketing mix modeling**: Statistical analysis of channel effectiveness
- **Incrementality testing**: Measure true marketing impact
- **Customer lifetime value**: Focus on long-term relationship value

## Implementation Roadmap

### Quarter 1: Foundation
- Audit current digital marketing capabilities
- Implement privacy-compliant data collection
- Begin AI tool evaluation and testing
- Develop video content creation capabilities

### Quarter 2: Optimization
- Launch voice search optimization initiatives
- Implement personalization technologies
- Experiment with emerging platforms
- Enhance social commerce capabilities

### Quarter 3: Expansion
- Scale successful AI implementations
- Develop comprehensive video content strategy
- Launch purpose-driven marketing campaigns
- Implement advanced attribution modeling

### Quarter 4: Innovation
- Test cutting-edge technologies (AR/VR)
- Expand into new social commerce platforms
- Refine personalization algorithms
- Plan next year's innovation initiatives

## Preparing for Continued Change

The only constant in digital marketing is change. Build organizational capabilities that enable rapid adaptation:

### Organizational Readiness:
- **Continuous learning culture**: Regular training and skill development
- **Agile marketing processes**: Rapid testing and iteration
- **Data-driven decision making**: Analytics-informed strategy development
- **Cross-functional collaboration**: Break down departmental silos
- **Technology infrastructure**: Scalable, flexible marketing technology stack

The businesses that thrive in 2024 will be those that embrace change, prioritize customer privacy, and leverage technology to create more personalized, valuable experiences for their audiences.

Ready to implement these 2024 marketing trends in your business? Contact our digital marketing specialists for a strategic consultation and implementation roadmap.","Digital Marketing Tips","digital marketing trends, AI marketing, privacy-first marketing, voice search SEO, social commerce, video marketing","Laurie Meiring","/images/blog/2024-digital-trends.jpg","2024-03-01","14 min read","general","2024 Digital Marketing Trends Every Business Owner Must Know","Discover the most important digital marketing trends for 2024, including AI automation, privacy-first strategies, voice search optimization, and social commerce integration."
blog-006,"Local SEO Mastery: Dominating Your Geographic Market","local-seo-mastery","Comprehensive guide to local SEO strategies that help businesses dominate search results in their geographic area","# Local SEO Mastery: Dominating Your Geographic Market

Local SEO is essential for businesses that serve customers in specific geographic areas. With 97% of consumers searching online for local businesses, mastering local search optimization can significantly impact your bottom line. This comprehensive guide provides actionable strategies to dominate local search results.

## Understanding Local SEO Fundamentals

Local SEO differs from traditional SEO by focusing on geographic relevance and proximity to searchers. Success requires optimizing for both search engines and local business directories.

### Local SEO Ranking Factors:
- **Relevance**: How well your business matches search queries
- **Distance**: Proximity to the searcher's location
- **Prominence**: Overall popularity and authority of your business
- **Google My Business optimization**: Complete, accurate business profile
- **Citations**: Consistent business information across directories
- **Reviews**: Quality and quantity of customer reviews
- **On-page optimization**: Location-specific content and keywords

## Google My Business Optimization

Your Google My Business (GMB) profile is the foundation of local SEO success. A fully optimized profile can dramatically improve local search visibility.

### Complete Profile Optimization:
- **Business name**: Use exact legal business name
- **Address**: Ensure accuracy and consistency
- **Phone number**: Use local phone number when possible
- **Hours**: Keep updated with holiday and special hours
- **Categories**: Choose most relevant primary and secondary categories
- **Description**: Compelling, keyword-rich business description
- **Attributes**: Utilize all relevant business attributes

### Visual Content Strategy:
- **Logo**: High-quality, professional business logo
- **Cover photo**: Showcase your business, products, or services
- **Interior photos**: Give customers a virtual tour
- **Exterior photos**: Help customers find your location
- **Team photos**: Build trust with staff pictures
- **Product photos**: Showcase your offerings
- **Regular updates**: Fresh content signals active business

### GMB Posts and Updates:
- **Event posts**: Promote special events and sales
- **Product posts**: Highlight specific products or services
- **Offer posts**: Share special promotions and discounts
- **News posts**: Company updates and announcements
- **Regular posting**: Maintain consistent content calendar

## Local Keyword Research and Optimization

Effective local SEO requires targeting keywords that include geographic modifiers and local intent.

### Local Keyword Types:
- **""Near me"" searches**: Implicit local intent keywords
- **City + service**: ""Denver plumber"" or ""Miami restaurant""
- **Neighborhood specific**: ""Downtown Seattle coffee shop""
- **Landmark-based**: ""Restaurant near Pike Place Market""
- **Service area keywords**: Target multiple service locations

### Research Tools and Methods:
- **Google Keyword Planner**: Discover local search volumes
- **Google Autocomplete**: See popular local search suggestions
- **Answer the Public**: Find local question-based queries
- **Local competitor analysis**: Research competitor keyword strategies
- **Customer feedback**: Listen to how customers describe your business

### On-Page Optimization:
- **Title tags**: Include primary keyword and location
- **Meta descriptions**: Compelling descriptions with local keywords
- **Header tags**: Structure content with location-specific headers
- **Content optimization**: Natural integration of local keywords
- **Schema markup**: Structured data for local business information

## Citation Building and Management

Citations are mentions of your business name, address, and phone number (NAP) across the web. Consistent citations boost local search rankings and help customers find you.

### Primary Citation Sources:
- **Google My Business**: Most important citation source
- **Bing Places**: Microsoft's business directory
- **Apple Maps**: iOS device local search results
- **Yelp**: Consumer review and business directory
- **Facebook Business**: Social media business profile

### Industry-Specific Citations:
- **Healthcare**: Healthgrades, WebMD, Vitals
- **Legal**: Avvo, Lawyers.com, FindLaw
- **Restaurants**: OpenTable, Zomato, TripAdvisor
- **Retail**: Yellow Pages, Merchant Circle, Chamber of Commerce
- **Services**: Angie's List, HomeAdvisor, Thumbtack

### Citation Management:
- **Consistency**: Ensure identical NAP across all platforms
- **Accuracy**: Regular audits to maintain correct information
- **Completeness**: Fill out all available profile fields
- **Monitoring**: Track new citations and incorrect listings
- **Correction**: Fix inaccurate citations promptly

## Online Review Management

Customer reviews significantly impact local search rankings and influence customer decisions. Developing a comprehensive review strategy is essential for local SEO success.

### Review Generation Strategies:
- **Ask satisfied customers**: Request reviews from happy clients
- **Follow-up emails**: Automated post-purchase review requests
- **In-person requests**: Train staff to ask for reviews appropriately
- **Review cards**: Physical cards with QR codes linking to review platforms
- **Incentive programs**: Offer small rewards for honest reviews

### Review Response Best Practices:
- **Response rate**: Aim to respond to all reviews
- **Timeliness**: Respond within 24-48 hours when possible
- **Professionalism**: Maintain courteous, professional tone
- **Personalization**: Address specific points mentioned in reviews
- **Gratitude**: Thank customers for taking time to review
- **Problem resolution**: Address negative feedback constructively

### Multi-Platform Review Strategy:
- **Google**: Most important for local SEO
- **Yelp**: Consumer-focused review platform
- **Facebook**: Social proof and engagement
- **Industry-specific**: Relevant to your business type
- **Better Business Bureau**: Trust and credibility signal

## Local Content Marketing

Creating location-specific content helps establish topical authority and attracts local searchers.

### Local Content Ideas:
- **Community events**: Coverage of local happenings
- **Local partnerships**: Collaborations with other businesses
- **Customer spotlights**: Feature local customers and their stories
- **Local guides**: ""Best of"" lists for your area
- **Industry insights**: Local market analysis and trends
- **Behind-the-scenes**: Your business's role in the community

### Geographic Content Strategy:
- **Service area pages**: Dedicated pages for each location served
- **Neighborhood guides**: Detailed area information
- **Local landmark content**: Content referencing local landmarks
- **Community involvement**: Showcase local community participation
- **Local news commentary**: Relevant industry perspectives

## Technical Local SEO

Technical optimization ensures search engines can properly crawl, understand, and rank your local content.

### Schema Markup Implementation:
- **LocalBusiness schema**: Structured data for business information
- **Opening hours**: Detailed hours including special schedules
- **Contact information**: Phone, email, and address markup
- **Review schema**: Structured data for customer reviews
- **Service area**: Geographic areas you serve

### Mobile Optimization:
- **Responsive design**: Excellent mobile user experience
- **Page speed**: Fast loading times on mobile devices
- **Local functionality**: Click-to-call and click-for-directions
- **Voice search optimization**: Natural language content
- **AMP implementation**: Accelerated Mobile Pages when appropriate

### Local Link Building

Building local authority through strategic link acquisition improves local search rankings.

### Local Link Opportunities:
- **Chamber of Commerce**: Local business organization memberships
- **Local newspapers**: Press releases and news coverage
- **Community organizations**: Sponsorships and partnerships
- **Local blogs**: Guest posting and collaboration
- **Supplier relationships**: Mutual linking with business partners
- **Customer websites**: Natural mentions and testimonials

## Multi-Location SEO Strategy

Businesses with multiple locations face unique challenges requiring specialized strategies.

### Location Page Optimization:
- **Unique content**: Avoid duplicate content across locations
- **Local information**: Address-specific details and features
- **Local testimonials**: Reviews specific to each location
- **Local team**: Staff information for each location
- **Driving directions**: Clear location instructions

### Organizational Structure:
- **Location finder**: User-friendly location search tool
- **Service area mapping**: Clear geographic boundaries
- **Local phone numbers**: Location-specific contact information
- **Individual GMB profiles**: Separate profiles for each location
- **Centralized brand management**: Consistent brand presentation

## Measuring Local SEO Success

Track relevant metrics to measure local SEO performance and ROI.

### Key Performance Indicators:
- **Local search rankings**: Position for local keywords
- **Google My Business insights**: Views, clicks, calls, direction requests
- **Website traffic**: Local organic search traffic
- **Conversion tracking**: Calls, form submissions, store visits
- **Review metrics**: Review volume, rating, and sentiment
- **Citation accuracy**: Consistent NAP across directories

### Reporting and Analysis:
- **Monthly ranking reports**: Track position changes
- **GMB performance**: Monthly insights analysis
- **Local traffic analysis**: Geographic traffic patterns
- **Competitor monitoring**: Local competitor performance
- **ROI calculation**: Revenue attribution to local SEO efforts

## Common Local SEO Mistakes

Avoid these frequent errors that can harm local search performance:

### Mistakes to Avoid:
- **Inconsistent NAP**: Different business information across platforms
- **Keyword stuffing**: Over-optimization of location keywords
- **Fake reviews**: Artificially generated customer reviews
- **Neglecting GMB**: Incomplete or outdated business profiles
- **Duplicate content**: Same content across multiple location pages
- **Missing schema**: Lack of structured data implementation

## Getting Started: Your Local SEO Action Plan

### Week 1: Foundation
- Claim and optimize Google My Business profile
- Audit current NAP consistency across the web
- Set up Google Analytics and Search Console
- Research primary local keywords

### Week 2: Citations and Reviews
- Submit to major citation sources
- Implement review generation strategy
- Respond to existing reviews
- Create review monitoring system

### Week 3: Content and Optimization
- Optimize website for local keywords
- Create location-specific content
- Implement local schema markup
- Begin local link building outreach

### Week 4: Monitoring and Expansion
- Set up local ranking tracking
- Monitor GMB insights and metrics
- Plan ongoing content calendar
- Identify additional optimization opportunities

Local SEO success requires consistent effort and attention to detail, but the resultsâ€”increased visibility, foot traffic, and revenueâ€”make the investment worthwhile for any location-based business.

Ready to dominate your local market? Contact our local SEO specialists for a comprehensive audit and customized optimization strategy.","Local SEO","local SEO, Google My Business, local search optimization, citation building, local marketing, geographic marketing","Laurie Meiring","/images/blog/local-seo-mastery.jpg","2024-03-15","13 min read","general","Local SEO Mastery: Dominate Your Geographic Market","Master local SEO with this comprehensive guide covering Google My Business optimization, citation building, review management, and local content strategies."
blog-007,"Email Marketing Automation: Converting Leads into Loyal Customers","email-marketing-automation","Learn how to build automated email sequences that nurture leads and drive conversions with personalized, timely messaging","# Email Marketing Automation: Converting Leads into Loyal Customers

Email marketing automation transforms scattered communications into strategic, personalized journeys that guide prospects from initial interest to loyal advocacy. This comprehensive guide reveals how to build automated systems that work around the clock to nurture leads and drive conversions.

## The Foundation of Email Marketing Automation

Email automation goes beyond scheduled newsletters. It's about creating intelligent, trigger-based communications that respond to subscriber behavior and deliver relevant messages at optimal moments.

### Core Automation Principles:
- **Behavioral triggers**: Actions that initiate automated sequences
- **Segmentation**: Dividing audiences based on characteristics and behaviors
- **Personalization**: Customizing content for individual subscribers
- **Timing optimization**: Sending messages when recipients are most likely to engage
- **Value delivery**: Providing useful content that builds trust and authority

### Business Benefits:
- **Increased efficiency**: Automate repetitive communication tasks
- **Better engagement**: Timely, relevant messaging improves open and click rates
- **Higher conversions**: Nurture leads through strategic customer journeys
- **Improved retention**: Maintain relationships with existing customers
- **Scalable growth**: Handle more subscribers without proportional effort increase

## Essential Email Automation Workflows

Different automation sequences serve specific purposes in the customer journey. Understanding when and how to use each type maximizes their effectiveness.

### Welcome Series Automation
First impressions matter. Welcome sequences introduce new subscribers to your brand and set expectations for future communications.

**Welcome Series Structure**:
- **Email 1** (Immediate): Thank you and expectation setting
- **Email 2** (Day 2): Brand story and value proposition
- **Email 3** (Day 5): Best content or product highlights
- **Email 4** (Day 8): Social proof and testimonials
- **Email 5** (Day 12): Special offer or next step invitation

### Lead Nurturing Sequences
Guide prospects through the buyer's journey with educational content that builds trust and demonstrates expertise.

**Nurturing Campaign Flow**:
- **Awareness stage**: Educational content addressing pain points
- **Consideration stage**: Solution comparisons and case studies
- **Decision stage**: Product demonstrations and testimonials
- **Post-purchase**: Onboarding and usage optimization
- **Advocacy**: Referral programs and loyalty incentives

### Abandoned Cart Recovery
Recover lost sales by reminding customers about items left in their shopping carts.

**Cart Abandonment Sequence**:
- **Email 1** (2-4 hours): Gentle reminder with cart contents
- **Email 2** (24 hours): Social proof and urgency elements
- **Email 3** (3 days): Special discount or incentive
- **Email 4** (7 days): Final chance with strong call-to-action

### Re-engagement Campaigns
Win back inactive subscribers before they become completely disengaged.

**Win-Back Series**:
- **Email 1**: ""We miss you"" with value reminder
- **Email 2**: Exclusive offer or content
- **Email 3**: Feedback request and preference update
- **Email 4**: Final goodbye with unsubscribe option

## Segmentation Strategies

Effective segmentation ensures relevant messaging that resonates with specific audience segments.

### Demographic Segmentation:
- **Geographic location**: Region-specific content and offers
- **Age groups**: Generational preferences and communication styles
- **Income levels**: Price-sensitive vs. premium product messaging
- **Industry/profession**: B2B role-specific content
- **Company size**: Enterprise vs. small business solutions

### Behavioral Segmentation:
- **Purchase history**: Previous buying patterns and preferences
- **Website activity**: Pages visited and time spent
- **Email engagement**: Open and click behavior patterns
- **Content preferences**: Topics and formats that generate engagement
- **Customer lifecycle stage**: New subscriber vs. long-term customer

### Engagement-Based Segmentation:
- **Highly engaged**: Frequent openers and clickers
- **Moderately engaged**: Occasional interaction
- **Low engagement**: Rarely opens or clicks
- **VIP customers**: High-value or frequent purchasers
- **At-risk**: Declining engagement patterns

## Personalization Beyond First Names

True personalization leverages data to create individual experiences that feel custom-crafted for each subscriber.

### Data-Driven Personalization:
- **Purchase recommendations**: Products based on buying history
- **Content preferences**: Articles matching indicated interests
- **Timing optimization**: Send times based on individual engagement patterns
- **Dynamic content**: Real-time content updates based on current behavior
- **Lifecycle messaging**: Communications appropriate to customer journey stage

### Advanced Personalization Techniques:
- **Predictive analytics**: Anticipate customer needs and behaviors
- **Dynamic product feeds**: Automatically updated product recommendations
- **Geo-targeted content**: Location-specific information and offers
- **Weather-triggered campaigns**: Messages based on local weather conditions
- **Event-triggered messaging**: Communications based on calendar events or milestones

## Creating Compelling Email Content

Automation success depends on engaging content that provides value and drives action.

### Subject Line Optimization:
- **Curiosity gaps**: Create intrigue without being clickbait
- **Urgency and scarcity**: Time-sensitive or limited-availability messaging
- **Personalization**: Include names or relevant personal information
- **Benefit-focused**: Clear value proposition in subject line
- **A/B testing**: Continuously test different approaches

### Email Body Best Practices:
- **Scannable format**: Short paragraphs, bullet points, white space
- **Value-first approach**: Lead with subscriber benefit
- **Clear call-to-action**: Single, prominent action button
- **Mobile optimization**: Responsive design for all devices
- **Brand consistency**: Maintain visual and voice consistency

### Content Types That Convert:
- **Educational content**: How-to guides and industry insights
- **Case studies**: Real customer success stories
- **User-generated content**: Customer photos and testimonials
- **Behind-the-scenes**: Company culture and process insights
- **Exclusive offers**: Subscriber-only discounts and early access

## Technology and Platform Selection

Choose email marketing platforms that support your automation needs and growth plans.

### Essential Platform Features:
- **Automation builder**: Visual workflow creation tools
- **Advanced segmentation**: Flexible list management capabilities
- **A/B testing**: Subject line, content, and send time testing
- **Analytics and reporting**: Detailed performance metrics
- **Integration capabilities**: CRM, e-commerce, and other tool connections
- **Deliverability support**: Tools to maintain inbox placement

### Popular Platform Comparison:
- **Mailchimp**: User-friendly with strong automation features
- **Klaviyo**: Advanced e-commerce integration and segmentation
- **HubSpot**: Comprehensive marketing automation and CRM
- **ActiveCampaign**: Advanced automation with CRM functionality
- **ConvertKit**: Creator-focused with powerful automation
- **Drip**: E-commerce focused with advanced personalization

## Deliverability and List Hygiene

Maintain high deliverability rates to ensure your automated emails reach subscriber inboxes.

### List Management Best Practices:
- **Double opt-in**: Confirm subscriber intent and reduce spam complaints
- **Regular cleaning**: Remove inactive and bounced email addresses
- **Engagement monitoring**: Track and address declining open rates
- **Preference centers**: Allow subscribers to customize communication frequency
- **Easy unsubscribe**: Clear, one-click unsubscribe process

### Deliverability Optimization:
- **Sender reputation**: Maintain consistent sending patterns and low complaint rates
- **Authentication**: Implement SPF, DKIM, and DMARC records
- **Content quality**: Avoid spam trigger words and excessive promotional language
- **Engagement tracking**: Monitor open rates, click rates, and unsubscribe rates
- **List growth strategies**: Focus on quality over quantity in subscriber acquisition

## Analytics and Optimization

Continuous measurement and optimization improve automation performance over time.

### Key Performance Metrics:
- **Open rates**: Subject line effectiveness and sender reputation
- **Click-through rates**: Content relevance and call-to-action effectiveness
- **Conversion rates**: Overall campaign success and ROI
- **Unsubscribe rates**: Content relevance and frequency appropriateness
- **Revenue per email**: Direct financial impact of campaigns

### Testing and Optimization:
- **A/B testing**: Subject lines, send times, content formats
- **Multivariate testing**: Multiple elements simultaneously
- **Send time optimization**: Find optimal sending times for each segment
- **Content experimentation**: Test different content types and lengths
- **Frequency testing**: Determine optimal email frequency for each segment

## Advanced Automation Strategies

Sophisticated automation techniques for businesses ready to maximize email marketing potential.

### Cross-Channel Integration:
- **Social media retargeting**: Email subscribers to social media platforms
- **SMS coordination**: Integrate email and text message campaigns
- **Website personalization**: Customize website experience based on email behavior
- **Paid advertising sync**: Coordinate email and advertising campaigns
- **Sales team integration**: Alert sales reps to engaged prospects

### Lifecycle Marketing:
- **Customer onboarding**: Progressive education and feature adoption
- **Usage-based triggers**: Messages based on product usage patterns
- **Renewal campaigns**: Proactive retention for subscription businesses
- **Upsell sequences**: Introduce additional products or service tiers
- **Loyalty programs**: Reward and retain best customers

## Implementation Roadmap

### Month 1: Foundation
- Choose and set up email marketing platform
- Create basic welcome series automation
- Implement list segmentation structure
- Design email templates and brand guidelines

### Month 2: Core Automations
- Build lead nurturing sequences
- Create abandoned cart recovery flows
- Implement re-engagement campaigns
- Set up basic personalization rules

### Month 3: Optimization
- Analyze performance metrics
- A/B test key elements
- Refine segmentation strategies
- Expand automation complexity

### Month 4: Advanced Features
- Implement predictive analytics
- Create cross-channel integrations
- Develop advanced personalization
- Build comprehensive lifecycle campaigns

## Common Automation Mistakes

Avoid these frequent pitfalls that can harm automation effectiveness:

### Mistakes to Avoid:
- **Over-automation**: Removing human touch entirely
- **Poor segmentation**: Sending irrelevant content to wrong audiences
- **Neglecting testing**: Failing to optimize campaigns over time
- **Ignored metrics**: Not acting on performance data
- **Compliance violations**: Ignoring email marketing regulations
- **Generic content**: Lack of personalization and relevance

Email marketing automation transforms how businesses build relationships with prospects and customers. When implemented strategically, automation delivers personalized experiences at scale while driving significant revenue growth.

Ready to implement powerful email automation for your business? Contact our email marketing specialists for a customized automation strategy and implementation plan.","Email Marketing","email marketing automation, lead nurturing, email segmentation, marketing automation, email campaigns, customer retention","Laurie Meiring","/images/blog/email-automation.jpg","2024-04-01","15 min read","general","Email Marketing Automation: Convert Leads into Loyal Customers","Master email marketing automation with this complete guide covering workflows, segmentation, personalization, and optimization strategies that drive conversions."
blog-008,"The Complete Guide to Google Ads for Small Businesses","google-ads-small-business","Master Google Ads fundamentals and advanced strategies to drive qualified traffic and conversions for your small business","# The Complete Guide to Google Ads for Small Businesses

Google Ads offers small businesses unprecedented access to motivated customers at the exact moment they're searching for products or services. This comprehensive guide provides everything you need to create, manage, and optimize Google Ads campaigns that drive real business results.

## Understanding Google Ads Fundamentals

Google Ads operates on a pay-per-click (PPC) model where you bid on keywords relevant to your business. When users search for those terms, your ads may appear, and you pay only when someone clicks on your ad.

### Key Google Ads Concepts:
- **Keywords**: Words and phrases that trigger your ads
- **Quality Score**: Google's rating of ad relevance and landing page experience
- **Ad Rank**: Determines ad position based on bid amount and Quality Score
- **Cost-Per-Click (CPC)**: Amount you pay for each ad click
- **Click-Through Rate (CTR)**: Percentage of people who click your ad
- **Conversion Rate**: Percentage of clicks that result in desired actions

### Campaign Types Overview:
- **Search campaigns**: Text ads on Google search results
- **Display campaigns**: Visual ads across Google's partner websites
- **Shopping campaigns**: Product listings with images and prices
- **Video campaigns**: Video ads on YouTube and partner sites
- **App campaigns**: Promote mobile app downloads and engagement

## Setting Up Your First Campaign

Proper campaign setup lays the foundation for Google Ads success. Take time to configure each element thoughtfully.

### Account Structure Best Practices:
- **Campaigns**: Organize by business goals or product categories
- **Ad groups**: Group closely related keywords and ads
- **Keywords**: Include 10-20 keywords per ad group
- **Ads**: Create 3-4 ads per ad group for testing
- **Extensions**: Add all relevant ad extensions

### Campaign Settings Configuration:
- **Campaign name**: Clear, descriptive naming convention
- **Location targeting**: Geographic areas you serve
- **Language targeting**: Languages your customers speak
- **Budget**: Daily spending limit aligned with business goals
- **Bidding strategy**: Choose based on campaign objectives
- **Ad schedule**: Times and days when ads should run

### Landing Page Optimization:
- **Relevance**: Match landing page content to ad message
- **Load speed**: Ensure fast page loading times
- **Mobile optimization**: Provide excellent mobile experience
- **Clear call-to-action**: Make desired action obvious
- **Trust signals**: Include testimonials, certifications, contact information

## Keyword Research and Selection

Effective keyword research identifies the terms your potential customers use when searching for your products or services.

### Keyword Research Tools:
- **Google Keyword Planner**: Free tool showing search volumes and competition
- **Google Search Console**: Reveals keywords driving organic traffic
- **Google Autocomplete**: Suggestions show popular search queries
- **Competitor analysis**: Research competitor keyword strategies
- **Customer feedback**: Listen to how customers describe your business

### Keyword Match Types:
- **Broad match**: Widest reach, includes related searches
- **Phrase match**: Contains your keyword phrase in order
- **Exact match**: Searches that match your keyword exactly
- **Negative keywords**: Prevents ads from showing for irrelevant searches

### Keyword Selection Strategy:
- **Start specific**: Begin with exact and phrase match keywords
- **Include long-tail keywords**: Longer, more specific search phrases
- **Consider search intent**: Align keywords with user motivations
- **Group logically**: Organize related keywords into themed ad groups
- **Regular expansion**: Continuously add new relevant keywords

## Creating Compelling Ad Copy

Effective ad copy captures attention, communicates value, and motivates clicks within character limits.

### Ad Copy Components:
- **Headlines**: Up to 30 characters each, multiple headlines allowed
- **Descriptions**: Up to 90 characters each, two descriptions allowed
- **Display URL**: Shows your website domain
- **Ad extensions**: Additional information like phone numbers, links

### Writing High-Converting Ads:
- **Include primary keyword**: Use main keyword in headline or description
- **Highlight unique value**: What makes your business different
- **Create urgency**: Time-sensitive language when appropriate
- **Include benefits**: Focus on customer outcomes, not just features
- **Strong call-to-action**: Clear instruction for what to do next

### Ad Copy Testing:
- **Create variations**: Test different headlines and descriptions
- **Monitor performance**: Track which ads generate most clicks and conversions
- **Iterative improvement**: Continuously refine based on data
- **Seasonal updates**: Adjust messaging for holidays and events
- **A/B testing**: Test one element at a time for clear results

## Bidding Strategies and Budget Management

Choose bidding strategies that align with your business goals and budget constraints.

### Bidding Strategy Options:
- **Manual CPC**: Full control over individual keyword bids
- **Enhanced CPC**: Automatic bid adjustments for likely conversions
- **Target CPA**: Automated bidding for specific cost-per-acquisition
- **Target ROAS**: Optimize for return on ad spend
- **Maximize clicks**: Get most clicks within budget
- **Maximize conversions**: Get most conversions within budget

### Budget Allocation:
- **Start conservatively**: Begin with smaller daily budgets
- **Monitor performance**: Increase budgets for successful campaigns
- **Seasonal adjustments**: Allocate more budget during peak periods
- **Performance-based**: Shift budget to best-performing campaigns
- **Geographic considerations**: Adjust spending by location performance

## Ad Extensions and Enhanced Features

Ad extensions provide additional information and increase ad visibility, often improving click-through rates at no extra cost.

### Essential Ad Extensions:
- **Sitelink extensions**: Additional links to specific pages
- **Callout extensions**: Highlight unique selling points
- **Structured snippet extensions**: Showcase categories of products/services
- **Call extensions**: Add phone number for direct calls
- **Location extensions**: Show business address and map
- **Price extensions**: Display pricing for products or services

### Advanced Features:
- **Responsive search ads**: Google automatically tests different combinations
- **Dynamic search ads**: Automatically generate ads based on website content
- **Remarketing lists**: Target previous website visitors
- **Custom audiences**: Create audiences based on interests and behaviors
- **Smart campaigns**: Simplified campaign management for small businesses

## Campaign Optimization and Performance Monitoring

Regular optimization ensures campaigns continue performing efficiently and cost-effectively.

### Key Performance Metrics:
- **Impressions**: How often your ads are shown
- **Clicks**: Number of times people clicked your ads
- **Click-through rate (CTR)**: Percentage of impressions that result in clicks
- **Cost-per-click (CPC)**: Average amount paid per click
- **Conversions**: Number of desired actions completed
- **Cost-per-conversion**: Average cost to generate one conversion
- **Return on ad spend (ROAS)**: Revenue generated per dollar spent

### Optimization Techniques:
- **Negative keyword additions**: Exclude irrelevant search terms
- **Bid adjustments**: Increase bids for high-performing keywords
- **Ad scheduling**: Run ads during most profitable times
- **Geographic adjustments**: Focus budget on best-performing locations
- **Device optimization**: Adjust bids based on device performance
- **Quality Score improvement**: Enhance ad relevance and landing page experience

## Advanced Google Ads Strategies

Sophisticated techniques for businesses ready to maximize Google Ads potential.

### Remarketing Campaigns:
- **Website visitors**: Target people who visited your website
- **Custom audiences**: Create lists based on specific page visits
- **Dynamic remarketing**: Show specific products viewed
- **Customer match**: Upload customer email lists for targeting
- **Similar audiences**: Reach people similar to your existing customers

### Automation and Smart Bidding:
- **Smart bidding strategies**: Use machine learning for bid optimization
- **Automated rules**: Set up automatic campaign adjustments
- **Performance monitoring**: Track automation effectiveness
- **Manual oversight**: Maintain human review of automated changes
- **Testing periods**: Allow time for algorithms to optimize

### Competitive Intelligence:
- **Auction insights**: See competitors appearing in same auctions
- **Ad preview tool**: View competitor ads without affecting metrics
- **Keyword gap analysis**: Find keywords competitors target that you don't
- **Landing page analysis**: Study competitor landing page strategies
- **Positioning strategy**: Differentiate from competitor messaging

## Local Business Google Ads Strategies

Specific tactics for businesses serving local markets.

### Local Campaign Optimization:
- **Location targeting**: Target specific cities, regions, or radius
- **Local keywords**: Include city and neighborhood names
- **Local extensions**: Use location and call extensions
- **Google My Business integration**: Connect with local business profile
- **Local landing pages**: Create location-specific landing pages

### Mobile and ""Near Me"" Searches:
- **Mobile optimization**: Ensure mobile-friendly ads and landing pages
- **Call-only campaigns**: Target mobile users ready to call
- **Location-based bid adjustments**: Increase bids for nearby searchers
- **Quick actions**: Enable easy calling and direction requests
- **Local inventory ads**: Show in-store product availability

## Measuring ROI and Business Impact

Track meaningful metrics that demonstrate Google Ads impact on business goals.

### Conversion Tracking Setup:
- **Google Analytics integration**: Connect accounts for comprehensive tracking
- **Conversion actions**: Define what constitutes a valuable action
- **Attribution models**: Understand conversion path complexity
- **Offline conversion tracking**: Track phone calls and in-store visits
- **Value assignment**: Assign monetary values to different conversion types

### ROI Calculation:
- **Revenue tracking**: Monitor total revenue generated
- **Profit margins**: Consider cost of goods sold in ROI calculations
- **Customer lifetime value**: Factor in long-term customer worth
- **Break-even analysis**: Determine acceptable cost-per-acquisition
- **Budget efficiency**: Maximize return within available budget

## Common Google Ads Mistakes

Avoid these frequent errors that can waste budget and reduce campaign effectiveness:

### Mistakes to Avoid:
- **Poor keyword selection**: Targeting overly broad or irrelevant keywords
- **Weak ad copy**: Generic messaging that doesn't differentiate
- **Inappropriate landing pages**: Sending traffic to homepage instead of relevant pages
- **Neglecting negative keywords**: Allowing ads to show for irrelevant searches
- **Insufficient testing**: Not testing different ads and strategies
- **Ignoring mobile users**: Poor mobile experience for mobile searchers
- **Set-and-forget mentality**: Not regularly optimizing campaigns

## Getting Started: Your Google Ads Action Plan

### Week 1: Foundation
- Set up Google Ads account
- Complete keyword research
- Create first search campaign
- Set up conversion tracking

### Week 2: Launch and Monitor
- Launch first campaign with conservative budget
- Monitor performance daily
- Add negative keywords as needed
- Test different ad variations

### Week 3: Optimization
- Analyze performance data
- Adjust bids based on keyword performance
- Expand successful ad groups
- Pause underperforming elements

### Week 4: Expansion
- Increase budget for successful campaigns
- Launch additional campaign types
- Implement remarketing campaigns
- Plan next month's strategy

Google Ads offers small businesses the ability to compete with larger companies by targeting motivated customers at the moment of intent. Success requires strategic planning, careful execution, and continuous optimization based on performance data.

Ready to launch profitable Google Ads campaigns for your business? Contact our PPC specialists for a free account audit and customized strategy session.","Google Ads","Google Ads, PPC advertising, paid search, small business marketing, Google advertising, search engine marketing","Laurie Meiring","/images/blog/google-ads-guide.jpg","2024-04-15","16 min read","general","Complete Google Ads Guide for Small Businesses - Drive Results","Master Google Ads for small business success with this comprehensive guide covering setup, optimization, bidding strategies, and ROI measurement techniques."